EOM,dwh_country_id,payout_quarter,rating_base,cash_list_actual_date,cash_list_actual_monthly,cash_list_expected_date,cash_list_expected_date_plan,cash_list_expected_monthly,n_loans,volume_10K
2014-04-30 00:00:00,1,2014_Q1,A,0.0450466079542,0.0473290338935,0.0433692372389,0.0407782099715,0.0449332081873,11,6.05
2014-04-30 00:00:00,1,2014_Q1,B,0.0482077831192,0.0494320139112,0.0338178178332,0.031446903197,0.034522703996,6,3.0
2014-04-30 00:00:00,1,2014_Q1,C,0.0557553038469,0.0518935765932,0.0450309242332,0.0451201544309,0.0470414981268,7,2.4
2014-04-30 00:00:00,1,2014_Q1,D,0.102330354341,0.09239927151,0.0837648863903,0.0778172660757,0.091318072455,3,0.65
2014-04-30 00:00:00,1,2014_Q1,E,0.0962997757057,0.0775678237319,0.0806175437813,0.0720154199412,0.0825251559828,4,2.4
2014-05-31 00:00:00,1,2014_Q1,A,0.0457629957882,0.0473826841149,0.0434591100922,0.0407290802218,0.0450919836475,12,7.05
2014-05-31 00:00:00,1,2014_Q1,B,0.0552202682527,0.0579717376126,0.042462431134,0.0375359135438,0.0440527475045,16,7.82
2014-05-31 00:00:00,1,2014_Q1,C,0.0681085219556,0.0704778195408,0.0589531507177,0.0538687768964,0.0618421325836,12,4.65
2014-05-31 00:00:00,1,2014_Q1,D,0.1029260187,0.106109997536,0.0871552591986,0.0680273657604,0.0957990676053,7,2.35
2014-05-31 00:00:00,1,2014_Q1,E,0.107421994173,0.0943850508684,0.0871143012492,0.0775330641957,0.0898546682929,9,3.86
2014-06-30 00:00:00,1,2014_Q1,A,0.0456277758112,0.0471236485469,0.0443982064495,0.0422053500387,0.0459948212887,18,10.57
2014-06-30 00:00:00,1,2014_Q1,B,0.0526837653932,0.0457324773296,0.0322346455767,0.0397194376348,0.0334787740291,22,11.23
2014-06-30 00:00:00,1,2014_Q1,C,0.0714792352952,0.0700772566099,0.0570219433689,0.0539631379894,0.0596951759734,17,7.77
2014-06-30 00:00:00,1,2014_Q1,D,0.10379171557,0.113650150244,0.0946865376454,0.0648903812353,0.104141790902,12,5.75
2014-06-30 00:00:00,1,2014_Q1,E,0.125710896532,0.124520480759,0.0957805145707,0.0795702001435,0.100069410222,15,5.96
2014-07-31 00:00:00,1,2014_Q1,A,0.0463552535147,0.0475436820606,0.0447507455148,0.0422053500387,0.0463194249102,18,10.57
2014-07-31 00:00:00,1,2014_Q1,B,0.0544580800043,0.0522213296635,0.0405171242381,0.0397194376348,0.042041462119,22,11.23
2014-07-31 00:00:00,1,2014_Q1,C,0.075003745769,0.0775562665678,0.0612269835197,0.0539631379894,0.0639951421604,17,7.77
2014-07-31 00:00:00,1,2014_Q1,D,0.104385246408,0.113682426675,0.0955717436412,0.0648903812353,0.10500739707,12,5.75
2014-07-31 00:00:00,1,2014_Q1,E,0.129039833003,0.12637645398,0.0982337009641,0.0795702001435,0.102512999777,15,5.96
2014-07-31 00:00:00,1,2014_Q2,A,0.0517905764064,0.0511370676128,0.0434258872848,0.0425412566892,0.045635142099,7,4.81
2014-07-31 00:00:00,1,2014_Q2,B,0.0631467422308,0.0622651686455,0.0426761027033,0.0410572479722,0.0442351543997,7,5.05
2014-07-31 00:00:00,1,2014_Q2,C,0.0723934269127,0.0746192904866,0.0510002230081,0.0475009345639,0.0529148884777,3,1.95
2014-07-31 00:00:00,1,2014_Q2,D,0.112993016546,0.11158563138,0.0691785095197,0.0648867584893,0.0720309072406,3,2.35
2014-07-31 00:00:00,1,2014_Q2,E,0.122930454672,0.139196176235,0.0759924608022,0.0685774232575,0.0800379399704,5,3.24
2014-08-31 00:00:00,1,2014_Q1,A,0.0469900395228,0.0478690835488,0.045093736776,0.0422053500387,0.04663267471,18,10.57
2014-08-31 00:00:00,1,2014_Q1,B,0.0547375465018,0.0527766584327,0.0415022067063,0.0397194376348,0.0430202442623,22,11.23
2014-08-31 00:00:00,1,2014_Q1,C,0.0760707074998,0.0743131372339,0.0603143766393,0.0539631379894,0.0629486918166,17,7.77
2014-08-31 00:00:00,1,2014_Q1,D,0.102247724344,0.106951015942,0.0914336875559,0.0648903812353,0.10045366698,12,5.75
2014-08-31 00:00:00,1,2014_Q1,E,0.127152832547,0.126768761912,0.0986067265911,0.0795702001435,0.102797441149,15,5.96
2014-08-31 00:00:00,1,2014_Q2,A,0.0494416767356,0.0489149875737,0.0416855121327,0.0408730440334,0.0433644921931,11,10.01
2014-08-31 00:00:00,1,2014_Q2,B,0.0580276139749,0.0587302176181,0.038876259724,0.0359082206359,0.0404359056765,16,11.6
2014-08-31 00:00:00,1,2014_Q2,C,0.0771865488637,0.0857197702847,0.0542546647502,0.0425954548395,0.0577452784677,8,5.85
2014-08-31 00:00:00,1,2014_Q2,D,0.103498109376,0.10686198005,0.0702137759707,0.0617290974049,0.0732983799764,7,4.3
2014-08-31 00:00:00,1,2014_Q2,E,0.135698884996,0.141850014062,0.0806380754404,0.0707628805326,0.084668033084,8,4.49
2014-08-31 00:00:00,32,2014_Q2,D,0.0352964987003,-0.12570896832,0.00835486725786,0.0469674718403,0.00903075719731,2,0.45
2014-08-31 00:00:00,32,2014_Q2,E,0.0932613616921,0.0920195716536,0.0609087210808,0.0550352742833,0.0655934418021,1,0.3
2014-09-30 00:00:00,1,2014_Q1,A,0.0473261642513,0.0482763079656,0.0454183934156,0.0422053500387,0.046928565554,18,10.57
2014-09-30 00:00:00,1,2014_Q1,B,0.0554474163555,0.0571356449133,0.0462559291364,0.0397194376348,0.0479049059001,22,11.23
2014-09-30 00:00:00,1,2014_Q1,C,0.0765600394477,0.0745473469577,0.0610909378726,0.0539631379894,0.0636657264989,17,7.77
2014-09-30 00:00:00,1,2014_Q1,D,0.101507024001,0.100852137345,0.0819354874505,0.0648903812353,0.0900637523914,12,5.75
2014-09-30 00:00:00,1,2014_Q1,E,0.125506035413,0.120964904066,0.101331939876,0.0795702001435,0.105527024515,15,5.96
2014-09-30 00:00:00,1,2014_Q2,A,0.0462629283426,0.0411415813368,0.0320679243426,0.0400237107624,0.0332804309243,13,11.51
2014-09-30 00:00:00,1,2014_Q2,B,0.0552885188818,0.0564092922128,0.0364614576988,0.0337412781343,0.0377812676219,29,21.65
2014-09-30 00:00:00,1,2014_Q2,C,0.0754457645391,0.07998100748,0.0448321497585,0.0391336172749,0.0468596441899,16,14.45
2014-09-30 00:00:00,1,2014_Q2,D,0.102100111533,0.106590693665,0.0657441451649,0.0581205398149,0.068488119145,12,7.3
2014-09-30 00:00:00,1,2014_Q2,E,0.135264815626,0.139648381449,0.071594252688,0.0621094441893,0.0748367947548,15,10.64
2014-09-30 00:00:00,32,2014_Q2,B,0.0336468019781,0.0336316479725,0.0197283894555,0.0177876852949,0.0208248102969,2,0.88
2014-09-30 00:00:00,32,2014_Q2,D,0.0593716673832,-0.0235013714822,0.043276310822,0.0535691987863,0.0454587435339,3,0.8
2014-09-30 00:00:00,32,2014_Q2,E,0.0921311919065,0.0920450685387,0.0636393599092,0.0550352742833,0.0682684525973,1,0.3
2014-10-31 00:00:00,1,2014_Q1,A,0.0477289392195,0.0484797571795,0.0457329897131,0.0422053500387,0.0472117354252,18,10.57
2014-10-31 00:00:00,1,2014_Q1,B,0.0552928445249,0.0537042770717,0.0433874454509,0.0397194376348,0.0448879442013,22,11.23
2014-10-31 00:00:00,1,2014_Q1,C,0.0781336553517,0.0776189815735,0.0633867203766,0.0539631379894,0.0659551202913,17,7.77
2014-10-31 00:00:00,1,2014_Q1,D,0.103122251673,0.110428361823,0.0871206347117,0.0648903812353,0.0956893258103,12,5.75
2014-10-31 00:00:00,1,2014_Q1,E,0.127257926346,0.122530146295,0.10375855695,0.0795702001435,0.107932242995,15,5.96
2014-10-31 00:00:00,1,2014_Q2,A,0.0477969627972,0.0480824657901,0.0414129411438,0.0400237107624,0.0429328980458,13,11.51
2014-10-31 00:00:00,1,2014_Q2,B,0.0554319980134,0.055696954556,0.0372361625833,0.0337412781343,0.0385480139391,29,21.65
2014-10-31 00:00:00,1,2014_Q2,C,0.0751200071965,0.0783723378713,0.0461092337956,0.0391336172749,0.048151660902,16,14.45
2014-10-31 00:00:00,1,2014_Q2,D,0.100212495627,0.0999869033188,0.0594547094878,0.0581205398149,0.0618922942937,12,7.3
2014-10-31 00:00:00,1,2014_Q2,E,0.13206640869,0.122982879255,0.0725962523169,0.0621094441893,0.075775360738,15,10.64
2014-10-31 00:00:00,1,2014_Q3,A,0.0409772369327,0.0416186020413,0.0365759467343,0.0353613775951,0.0379686238274,14,12.85
2014-10-31 00:00:00,1,2014_Q3,B,0.0536226719156,0.0530043246659,0.0345541826231,0.0326422450467,0.0355656416484,13,16.29
2014-10-31 00:00:00,1,2014_Q3,C,0.0710280661277,0.0701281779948,0.0412013513604,0.0378469644006,0.0427980056515,15,13.65
2014-10-31 00:00:00,1,2014_Q3,D,0.111140376991,0.114701337926,0.0674853258527,0.0623297991231,0.0700667642339,9,8.69
2014-10-31 00:00:00,1,2014_Q3,E,0.119253007096,0.117815693928,0.0665715020591,0.0601536667138,0.069449224736,7,5.21
2014-10-31 00:00:00,32,2014_Q2,B,0.0331050967553,0.0327637611163,0.0206528431809,0.0177876852949,0.0217584097096,2,0.88
2014-10-31 00:00:00,32,2014_Q2,D,0.0650135905696,0.00169040176402,0.0460499030667,0.0535691987863,0.0482766986926,3,0.8
2014-10-31 00:00:00,32,2014_Q2,E,0.0921288301437,0.0914339092322,0.0662284156999,0.0550352742833,0.0707650738657,1,0.3
2014-10-31 00:00:00,32,2014_Q3,A,0.0251774056873,0.0247856222418,0.0211137463265,0.0206715818023,0.0222164116002,1,0.3
2014-10-31 00:00:00,32,2014_Q3,C,0.0450800449298,0.0470461988201,0.0301509869473,0.0255905820516,0.0321922703189,4,1.2
2014-11-30 00:00:00,1,2014_Q1,A,0.0473641992775,0.0450838089756,0.0453761981049,0.0422053500387,0.0468096788195,18,10.57
2014-11-30 00:00:00,1,2014_Q1,B,0.0555957968305,0.0571722018504,0.0474611603452,0.0397194376348,0.0490607147741,22,11.23
2014-11-30 00:00:00,1,2014_Q1,C,0.0786490586357,0.0774359324116,0.0637820887739,0.0539631379894,0.0662771413049,17,7.77
2014-11-30 00:00:00,1,2014_Q1,D,0.103135214608,0.106818567106,0.0890167285737,0.0648903812353,0.0976331322502,12,5.75
2014-11-30 00:00:00,1,2014_Q1,E,0.127244999565,0.122868742542,0.105580573171,0.0795702001435,0.109721559829,15,5.96
2014-11-30 00:00:00,1,2014_Q2,A,0.0475607791952,0.0480489500291,0.0417167384635,0.0400237107624,0.043206641102,13,11.51
2014-11-30 00:00:00,1,2014_Q2,B,0.0542278025005,0.0555637743077,0.0379884933176,0.0337412781343,0.0392947181958,29,21.65
2014-11-30 00:00:00,1,2014_Q2,C,0.0686537767557,0.0679049091194,0.0288356854515,0.0391336172749,0.0301055720653,16,14.45
2014-11-30 00:00:00,1,2014_Q2,D,0.0974695615671,0.0958534615479,0.047537849223,0.0581205398149,0.0494573985351,12,7.3
2014-11-30 00:00:00,1,2014_Q2,E,0.130784320797,0.12568171817,0.0760832197195,0.0621094441893,0.079314144213,15,10.64
2014-11-30 00:00:00,1,2014_Q3,A,0.0382578592839,0.0394127300977,0.0338133034396,0.0325608288822,0.0351600294361,27,25.45
2014-11-30 00:00:00,1,2014_Q3,B,0.0480101594133,0.0469386843125,0.029415624412,0.0338870627708,0.0304833280588,43,40.04
2014-11-30 00:00:00,1,2014_Q3,C,0.0781808988525,0.0784452889844,0.0545167716206,0.0510030349312,0.0566572696825,37,27.61
2014-11-30 00:00:00,1,2014_Q3,D,0.119589024581,0.125592491448,0.0764014196725,0.0698082468301,0.0795210155351,28,24.44
2014-11-30 00:00:00,1,2014_Q3,E,0.120924823763,0.125643658078,0.0723597641444,0.0611638577294,0.0758512647355,11,6.52
2014-11-30 00:00:00,32,2014_Q2,B,0.0320908720239,0.0325569468157,0.0215441070794,0.0177876852949,0.0226578058514,2,0.88
2014-11-30 00:00:00,32,2014_Q2,D,0.0682514547676,0.01689334487,0.0486939697461,0.0535691987863,0.0509581655426,3,0.8
2014-11-30 00:00:00,32,2014_Q2,E,0.0906384499584,0.091541198175,0.0686625105754,0.0550352742833,0.0731070622446,1,0.3
2014-11-30 00:00:00,32,2014_Q3,A,0.0232677078401,0.0253977131154,0.0213140667983,0.0206998531765,0.022321868158,7,2.43
2014-11-30 00:00:00,32,2014_Q3,B,0.034504984554,0.0370345658389,0.0239059630032,0.0223295084959,0.0248031811897,4,2.52
2014-11-30 00:00:00,32,2014_Q3,C,0.0446442305483,0.0468225953466,0.0310914112577,0.0263284086301,0.032853895239,6,1.65
2014-11-30 00:00:00,32,2014_Q3,D,0.0782497520448,0.080279410564,0.0545710459502,0.0522504501313,0.0567182183071,2,0.5
2014-12-31 00:00:00,1,2014_Q1,A,0.047691786503,0.0420396360839,0.0445402421851,0.0422053500387,0.0459070631278,18,10.57
2014-12-31 00:00:00,1,2014_Q1,B,0.0552736395716,0.0534896927406,0.0435156607115,0.0397194376348,0.0449423822068,22,11.23
2014-12-31 00:00:00,1,2014_Q1,C,0.0795325558461,0.0789280363455,0.0660811016751,0.0539631379894,0.0685611121737,17,7.77
2014-12-31 00:00:00,1,2014_Q1,D,0.103895508106,0.106869290546,0.0926237875101,0.0648903812353,0.101407053115,12,5.75
2014-12-31 00:00:00,1,2014_Q1,E,0.128081351545,0.120478027248,0.105056421063,0.0795702001435,0.109050478841,15,5.96
2014-12-31 00:00:00,1,2014_Q2,A,0.048021470094,0.0478112763369,0.0420152784868,0.0400237107624,0.0434700629317,13,11.51
2014-12-31 00:00:00,1,2014_Q2,B,0.0546989822097,0.0552170245918,0.0387206562832,0.0337412781343,0.0400189667414,29,21.65
2014-12-31 00:00:00,1,2014_Q2,C,0.0695939778108,0.0683186826632,0.0306903860788,0.0391336172749,0.0320130683736,16,14.45
2014-12-31 00:00:00,1,2014_Q2,D,0.101344207491,0.10117692755,0.0636308526729,0.0581205398149,0.0661165495936,12,7.3
2014-12-31 00:00:00,1,2014_Q2,E,0.133752859466,0.126844842369,0.0794627571606,0.0621094441893,0.0827179529858,15,10.64
2014-12-31 00:00:00,1,2014_Q3,A,0.0369808765908,0.0371035093051,0.0316257368341,0.0304056320037,0.0328151185523,37,37.31
2014-12-31 00:00:00,1,2014_Q3,B,0.0465809790112,0.0420589797596,0.0243983049772,0.0342062058829,0.0252831397401,74,67.78
2014-12-31 00:00:00,1,2014_Q3,C,0.0827391563839,0.0816249457135,0.0576331273719,0.0555870954561,0.059805065546,69,64.84
2014-12-31 00:00:00,1,2014_Q3,D,0.116414891872,0.109982389546,0.0685980352175,0.0703010740372,0.0716979634147,53,47.48
2014-12-31 00:00:00,1,2014_Q3,E,0.121472204931,0.1210582306,0.0753200794262,0.064174733991,0.0788293654122,16,8.02
2014-12-31 00:00:00,32,2014_Q2,B,0.0324288105951,0.0322367508666,0.0224074337893,0.0177876852949,0.0235203872645,2,0.88
2014-12-31 00:00:00,32,2014_Q2,D,0.083067797317,0.082633001725,0.0621743205568,0.0535691987863,0.0648820661604,3,0.8
2014-12-31 00:00:00,32,2014_Q2,E,0.0916424424855,0.0912060399915,0.0709759487154,0.0550352742833,0.0752800284797,1,0.3
2014-12-31 00:00:00,32,2014_Q3,A,0.0276981571756,0.0284628688973,0.027772245183,0.0268797637354,0.0290408337721,9,3.53
2014-12-31 00:00:00,32,2014_Q3,B,0.0391347921023,0.0408077750697,0.0320361917285,0.0301866042486,0.0334589886775,11,5.62
2014-12-31 00:00:00,32,2014_Q3,C,0.0468510043199,0.033636685211,0.0308254172574,0.0432506662439,0.0321412834236,10,3.38
2014-12-31 00:00:00,32,2014_Q3,D,0.0787472771692,0.0779485094869,0.0585800531974,0.0535143321947,0.0612386833841,5,2.7
2015-01-31 00:00:00,1,2014_Q1,A,0.047593152867,0.0393622434893,0.0437827670715,0.0422053500387,0.0450882123789,18,10.57
2015-01-31 00:00:00,1,2014_Q1,B,0.0549958146658,0.0545106994638,0.0427555877119,0.0397194376348,0.044129973461,22,11.23
2015-01-31 00:00:00,1,2014_Q1,C,0.0800521542879,0.0795153303307,0.0686337091012,0.0539631379894,0.0711027849855,17,7.77
2015-01-31 00:00:00,1,2014_Q1,D,0.104023311996,0.104627515126,0.0928480629259,0.0648903812353,0.101532740663,12,5.75
2015-01-31 00:00:00,1,2014_Q1,E,0.127621276441,0.117292916159,0.104178079211,0.0795702001435,0.108021194416,15,5.96
2015-01-31 00:00:00,1,2014_Q2,A,0.0474571462419,0.0476367581911,0.0423034587701,0.0400237107624,0.0437247879605,13,11.51
2015-01-31 00:00:00,1,2014_Q2,B,0.0540400614995,0.0549703099528,0.0394321498395,0.0337412781343,0.0407221731594,29,21.65
2015-01-31 00:00:00,1,2014_Q2,C,0.0693184877884,0.0686383139688,0.0325018110223,0.0391336172749,0.0338737208471,16,14.45
2015-01-31 00:00:00,1,2014_Q2,D,0.101142318244,0.101385105992,0.0656408977905,0.0581205398149,0.0681434721112,12,7.3
2015-01-31 00:00:00,1,2014_Q2,E,0.131602258134,0.127677401073,0.0827152509403,0.0621094441893,0.0859925256784,15,10.64
2015-01-31 00:00:00,1,2014_Q3,A,0.0363857537334,0.0367237181712,0.0319346210252,0.0304056320037,0.0331060124817,37,37.31
2015-01-31 00:00:00,1,2014_Q3,B,0.0453048575003,0.0389937888269,0.01931705685,0.0342062058829,0.0200034666329,74,67.78
2015-01-31 00:00:00,1,2014_Q3,C,0.0801252459473,0.0752699479013,0.0500286445804,0.0555870954561,0.0518771660425,69,64.84
2015-01-31 00:00:00,1,2014_Q3,D,0.112896314784,0.101758524328,0.0643255265667,0.0703010740372,0.0671676282287,53,47.48
2015-01-31 00:00:00,1,2014_Q3,E,0.121438587889,0.122146156638,0.0787875035846,0.064174733991,0.0823367734552,16,8.02
2015-01-31 00:00:00,1,2014_Q4,A,0.0305455751393,0.0348860523619,0.0281689334218,0.0264263624398,0.0303176661588,15,15.9
2015-01-31 00:00:00,1,2014_Q4,B,0.0432405708071,0.0441081292157,0.0357054707391,0.0346504156044,0.0369558400852,31,30.01
2015-01-31 00:00:00,1,2014_Q4,C,0.0788523131617,0.0902548091649,0.0635856196219,0.0590730705661,0.0671606942251,38,39.03
2015-01-31 00:00:00,1,2014_Q4,D,0.118456883198,0.118539543415,0.0769226468248,0.0740386258597,0.0801174604992,29,23.27
2015-01-31 00:00:00,1,2014_Q4,E,0.105453665114,0.0941331116703,0.0793511841828,0.0786308226572,0.082745111913,6,2.22
2015-01-31 00:00:00,32,2014_Q2,B,0.0320274450563,0.0320220093464,0.0232389524059,0.0177876852949,0.0243479012655,2,0.88
2015-01-31 00:00:00,32,2014_Q2,D,0.0827308102338,0.0827075680705,0.0635923488631,0.0535691987863,0.0662396832443,3,0.8
2015-01-31 00:00:00,32,2014_Q2,E,0.091007007813,0.0909628399755,0.0731469328519,0.0550352742833,0.0772982384377,1,0.3
2015-01-31 00:00:00,32,2014_Q3,A,0.0280497207621,0.0296317731815,0.0280768716584,0.0268797637354,0.0293284049863,9,3.53
2015-01-31 00:00:00,32,2014_Q3,B,0.0400063234455,0.0416338793746,0.0325742515703,0.0301866042486,0.0339904726031,11,5.62
2015-01-31 00:00:00,32,2014_Q3,C,0.0477764190547,0.0315691288863,0.0268301434146,0.0432506662439,0.0279482868126,10,3.38
2015-01-31 00:00:00,32,2014_Q3,D,0.0831106682713,0.0831251566733,0.0609076818805,0.0535143321947,0.0636043736378,5,2.7
2015-01-31 00:00:00,32,2014_Q4,B,0.0511220526162,0.0509324052499,0.0406051131386,0.0387730328572,0.043103987542,4,1.45
2015-01-31 00:00:00,32,2014_Q4,C,0.0841026655681,0.0925269934251,0.0609719591344,0.0559450694658,0.0652918079703,5,1.69
2015-01-31 00:00:00,32,2014_Q4,E,0.136015035611,0.135989311232,0.0761731412248,0.0668690768874,0.0803659218159,1,0.75
2015-01-31 00:00:00,128,2014_Q4,B,0.0579455298287,0.0579959008716,0.0458699912186,0.0447594594113,0.0461835403562,1,0.15
2015-01-31 00:00:00,128,2014_Q4,C,0.0548023290114,0.0556147938957,0.0426035470862,0.0386859142512,0.0455749191655,2,0.35
2015-01-31 00:00:00,128,2014_Q4,D,0.0781880509404,0.086124178036,0.0548212218967,0.048838752401,0.0595916574966,3,0.68
2015-02-28 00:00:00,1,2014_Q1,A,0.0278714449464,0.0284855167518,0.0354815350026,0.0422053500387,0.0365004604322,18,10.57
2015-02-28 00:00:00,1,2014_Q1,B,0.0554993306125,0.056155253897,0.0457950782736,0.0397194376348,0.0472202327456,22,11.23
2015-02-28 00:00:00,1,2014_Q1,C,0.0802822678413,0.0789410050884,0.0688716646514,0.0539631379894,0.0712605914233,17,7.77
2015-02-28 00:00:00,1,2014_Q1,D,0.103475805694,0.100715161283,0.0911673708235,0.0648903812353,0.099679799998,12,5.75
2015-02-28 00:00:00,1,2014_Q1,E,0.0816630879917,0.0772361944038,0.0800248870901,0.0795702001435,0.082824885857,15,5.96
2015-02-28 00:00:00,1,2014_Q2,A,0.0475015732593,0.0479879724289,0.0425844751246,0.0400237107624,0.0439755444777,13,11.51
2015-02-28 00:00:00,1,2014_Q2,B,0.0540185943655,0.0494516360621,0.0399684159144,0.0337412781343,0.041248645288,29,21.65
2015-02-28 00:00:00,1,2014_Q2,C,0.0698059744097,0.0690140238921,0.0333077835739,0.0391336172749,0.0346896142101,16,14.45
2015-02-28 00:00:00,1,2014_Q2,D,0.100341771521,0.0990004601391,0.0549239127216,0.0581205398149,0.0569851345805,12,7.3
2015-02-28 00:00:00,1,2014_Q2,E,0.132663775683,0.129768838434,0.0858579525481,0.0621094441893,0.0891543457094,15,10.64
2015-02-28 00:00:00,1,2014_Q3,A,0.0362171280075,0.0370482675791,0.032236097349,0.0304056320037,0.0333917517538,37,37.31
2015-02-28 00:00:00,1,2014_Q3,B,0.0452072054235,0.0385656537894,0.0141573462523,0.0342062058829,0.0146519852093,74,67.78
2015-02-28 00:00:00,1,2014_Q3,C,0.0803304715882,0.07855251572,0.0471052839596,0.0555870954561,0.0488179741742,69,64.84
2015-02-28 00:00:00,1,2014_Q3,D,0.0477794575511,0.0461446481631,0.0564473297555,0.0703010740372,0.0588708539642,53,47.48
2015-02-28 00:00:00,1,2014_Q3,E,0.118913911283,0.117998450996,0.0761285628063,0.064174733991,0.0794906491753,16,8.02
2015-02-28 00:00:00,1,2014_Q4,A,0.0301733972903,0.0331177214552,0.0279149542352,0.0270504937438,0.0291466941969,30,37.6
2015-02-28 00:00:00,1,2014_Q4,B,0.0420610770981,0.0428312686292,0.0319918269304,0.0323410889314,0.0330825034035,73,77.15
2015-02-28 00:00:00,1,2014_Q4,C,0.0747416404222,0.0804399796064,0.0502955390747,0.0481367925283,0.0524834116028,79,84.69
2015-02-28 00:00:00,1,2014_Q4,D,0.107016995198,0.104848469357,0.0574721213818,0.0626836231873,0.0597215357148,58,47.32
2015-02-28 00:00:00,1,2014_Q4,E,0.112923637502,0.126633123688,0.0645796826458,0.0572183333735,0.0673968978565,18,10.9
2015-02-28 00:00:00,32,2014_Q2,B,0.0318727591703,0.0322651004868,0.0240400764696,0.0177876852949,0.02514548452,2,0.88
2015-02-28 00:00:00,32,2014_Q2,D,0.082801013543,0.0836998433998,0.0649500938074,0.0535691987863,0.067543185726,3,0.8
2015-02-28 00:00:00,32,2014_Q2,E,0.0908184514805,0.0916559943329,0.0751858438485,0.0550352742833,0.079195187676,1,0.3
2015-02-28 00:00:00,32,2014_Q3,A,0.0296604351878,0.0308972395582,0.0283735534289,0.0268797637354,0.0296105616332,9,3.53
2015-02-28 00:00:00,32,2014_Q3,B,0.0407848726294,0.0428832755199,0.0330995764246,0.0301866042486,0.0345109787399,11,5.62
2015-02-28 00:00:00,32,2014_Q3,C,-0.0606014584972,-0.0629464755061,0.0167651573111,0.0432506662439,0.0174466221232,10,3.38
2015-02-28 00:00:00,32,2014_Q3,D,0.0828220527428,0.087922162556,0.0631818038942,0.0535143321947,0.0659169057467,5,2.7
2015-02-28 00:00:00,32,2014_Q4,A,0.0263649953201,0.027365290001,0.0213354131776,0.0206826335631,0.0223743435968,2,0.8
2015-02-28 00:00:00,32,2014_Q4,B,0.0475816125847,0.0489902146027,0.0384176217983,0.0362611766269,0.0405822073801,7,2.45
2015-02-28 00:00:00,32,2014_Q4,C,0.0644119388951,0.0590826672659,0.0174535756449,0.0368032348032,0.0182333758539,8,3.59
2015-02-28 00:00:00,32,2014_Q4,E,0.0855372337926,0.0704850224059,0.0146331369042,0.0485208481073,0.0152534103969,2,1.75
2015-02-28 00:00:00,128,2014_Q4,B,0.0576148588379,0.0591399287734,0.0464063738738,0.0447594594113,0.0467203194087,1,0.15
2015-02-28 00:00:00,128,2014_Q4,C,0.0624793097093,0.0746181215487,0.0472669315146,0.0421869815354,0.0519792014321,5,1.1
2015-02-28 00:00:00,128,2014_Q4,D,0.082769354347,0.0209217461625,0.0576438520712,0.051566206696,0.0610236593518,5,0.96
2015-02-28 00:00:00,128,2014_Q4,E,0.120013281987,0.124374574697,0.0742525975175,0.0681569416495,0.0749645227872,1,0.3
2015-03-31 00:00:00,1,2014_Q1,A,0.0290719280802,0.0294976373125,0.0356919486191,0.0422053500387,0.0366881163818,18,10.57
2015-03-31 00:00:00,1,2014_Q1,B,0.0557811115207,0.0556027795377,0.0453372965016,0.0397194376348,0.0467097401271,22,11.23
2015-03-31 00:00:00,1,2014_Q1,C,0.0810307408824,0.0779343135824,0.0692383680468,0.0539631379894,0.0715359228184,17,7.77
2015-03-31 00:00:00,1,2014_Q1,D,0.104947581575,0.111945878773,0.0947209716987,0.0648903812353,0.103529139401,12,5.75
2015-03-31 00:00:00,1,2014_Q1,E,0.0846800986588,0.0798317083195,0.081846256834,0.0795702001435,0.0846305781279,15,5.96
2015-03-31 00:00:00,1,2014_Q2,A,0.0478238432682,0.0478391815988,0.0428574436692,0.0400237107624,0.0442130033703,13,11.51
2015-03-31 00:00:00,1,2014_Q2,B,0.0547774535647,0.0551534605145,0.0407839831858,0.0337412781343,0.0420508579316,29,21.65
2015-03-31 00:00:00,1,2014_Q2,C,0.0715461199149,0.075373948695,0.0511362118994,0.0391336172749,0.0531982250818,16,14.45
2015-03-31 00:00:00,1,2014_Q2,D,0.101341866976,0.0993498540658,0.0572747170964,0.0581205398149,0.0593678367286,12,7.3
2015-03-31 00:00:00,1,2014_Q2,E,0.135728242958,0.137232803139,0.0901881037397,0.0621094441893,0.0935183970637,15,10.64
2015-03-31 00:00:00,1,2014_Q3,A,0.0367199129829,0.0366495238383,0.0321037513825,0.0304056320037,0.0332255827544,37,37.31
2015-03-31 00:00:00,1,2014_Q3,B,0.0469981892025,0.0420411512082,0.0204893457802,0.0342062058829,0.0211872575743,74,67.78
2015-03-31 00:00:00,1,2014_Q3,C,0.0585897194771,0.0549711125181,0.0444243519426,0.0555870954561,0.0460005149761,69,64.84
2015-03-31 00:00:00,1,2014_Q3,D,0.0566197348781,0.0548627075349,0.0558271981127,0.0703010740372,0.0581772354067,53,47.48
2015-03-31 00:00:00,1,2014_Q3,E,0.122981536922,0.123564889524,0.0833724772082,0.064174733991,0.0868869188182,16,8.02
2015-03-31 00:00:00,1,2014_Q4,A,0.0310530541595,0.0325155858401,0.0272763474092,0.0264716272672,0.0283134015566,49,64.25
2015-03-31 00:00:00,1,2014_Q4,B,0.0434470121299,0.0434780921147,0.0322987749917,0.0313921114034,0.033392223035,99,110.31
2015-03-31 00:00:00,1,2014_Q4,C,0.0719469623531,0.0725989931019,0.0428763022642,0.0422462664523,0.0445514468012,126,133.1
2015-03-31 00:00:00,1,2014_Q4,D,0.0989076680881,0.0926152977787,0.0415781413513,0.0531855133192,0.0431731671302,94,83.6
2015-03-31 00:00:00,1,2014_Q4,E,0.106094954664,0.101115065886,0.0517752207134,0.0529629110827,0.0540073297541,29,17.48
2015-03-31 00:00:00,32,2014_Q2,B,0.0320955326065,0.0321050396249,0.02481081954,0.0177876852949,0.0259038281073,2,0.88
2015-03-31 00:00:00,32,2014_Q2,D,0.0836690498491,0.0836853676057,0.0662474949957,0.0535691987863,0.0687681880634,3,0.8
2015-03-31 00:00:00,32,2014_Q2,E,0.0914252929148,0.0914385950476,0.0770930679558,0.0550352742833,0.0809147343327,1,0.3
2015-03-31 00:00:00,32,2014_Q3,A,0.0306030123648,0.0313240860821,0.028662343926,0.0268797637354,0.0298806884704,9,3.53
2015-03-31 00:00:00,32,2014_Q3,B,0.0419045279462,0.0431495369147,0.0336121246901,0.0301866042486,0.0350142692269,11,5.62
2015-03-31 00:00:00,32,2014_Q3,C,-0.0460490853104,-0.0470166393511,0.0176047005883,0.0432506662439,0.0182974156053,10,3.38
2015-03-31 00:00:00,32,2014_Q3,D,0.0895981810844,0.0896473994649,0.0654021545054,0.0535143321947,0.0681611880288,5,2.7
2015-03-31 00:00:00,32,2014_Q4,A,0.0253325562863,0.0253607843899,0.0205313546247,0.0194643129259,0.0215737759926,4,1.14
2015-03-31 00:00:00,32,2014_Q4,B,0.0480859427092,0.048126244274,0.0391949878682,0.0362611766269,0.0412905670907,7,2.45
2015-03-31 00:00:00,32,2014_Q4,C,0.0654040492602,0.0604604356737,0.0196764300764,0.0365742121401,0.0205345376136,9,3.69
2015-03-31 00:00:00,32,2014_Q4,D,0.076900481388,0.0769902084229,0.0510891674971,0.0480611535347,0.0538318801225,1,0.2
2015-03-31 00:00:00,32,2014_Q4,E,0.0923794797774,0.0806387889584,0.0192105549811,0.0485208481073,0.0200024568267,2,1.75
2015-03-31 00:00:00,128,2014_Q4,A,0.033095710899,0.0329001059218,0.0285474760082,0.0265759838157,0.0290927507228,1,0.25
2015-03-31 00:00:00,128,2014_Q4,B,0.051129718949,0.0507605846593,0.0418326246613,0.0392485100807,0.0422482549467,2,0.66
2015-03-31 00:00:00,128,2014_Q4,C,0.0671137416026,0.0728378769984,0.0560418377394,0.052256920411,0.0583479774478,6,1.61
2015-03-31 00:00:00,128,2014_Q4,D,0.0352440071822,0.0241485667851,0.0486201603414,0.0572853687767,0.0500329328117,6,1.42
2015-03-31 00:00:00,128,2014_Q4,E,0.121143592885,0.120586778544,0.0769509792748,0.06725604248,0.0777129018952,2,0.35
2015-04-30 00:00:00,1,2014_Q1,A,0.0299643954569,0.0304273558656,0.0358952040506,0.0422053500387,0.0368690736301,18,10.57
2015-04-30 00:00:00,1,2014_Q1,B,0.0452723716954,0.0448458128467,0.0394634470261,0.0397194376348,0.0406337203491,22,11.23
2015-04-30 00:00:00,1,2014_Q1,C,0.0722526700804,0.0697567431453,0.0662634496881,0.0539631379894,0.06837073792,17,7.77
2015-04-30 00:00:00,1,2014_Q1,D,0.105601273133,0.11371934019,0.0958851247505,0.0648903812353,0.104701095506,12,5.75
2015-04-30 00:00:00,1,2014_Q1,E,0.083719954741,0.0774821723495,0.0773785063044,0.0795702001435,0.079970540539,15,5.96
2015-04-30 00:00:00,1,2014_Q2,A,0.0475836543101,0.0478477207107,0.043123503843,0.0400237107624,0.0444434926746,13,11.51
2015-04-30 00:00:00,1,2014_Q2,B,0.0538500871702,0.0482074235338,0.0371824157632,0.0337412781343,0.0383098718042,29,21.65
2015-04-30 00:00:00,1,2014_Q2,C,0.0715346604789,0.0673372446147,0.0440278498487,0.0391336172749,0.0457597147662,16,14.45
2015-04-30 00:00:00,1,2014_Q2,D,0.101698754653,0.0998959666194,0.0595716050816,0.0581205398149,0.0616938221669,12,7.3
2015-04-30 00:00:00,1,2014_Q2,E,0.136724852196,0.137307526366,0.0929407683525,0.0621094441893,0.0962421936719,15,10.64
2015-04-30 00:00:00,1,2014_Q3,A,0.037111312085,0.0374816472082,0.0328151918546,0.0304056320037,0.0339326709791,37,37.31
2015-04-30 00:00:00,1,2014_Q3,B,0.0479257176592,0.0445888167107,0.0256580938397,0.0342062058829,0.0265105910053,74,67.78
2015-04-30 00:00:00,1,2014_Q3,C,0.0518033433933,0.049571419587,0.0429446857533,0.0555870954561,0.0444401311216,69,64.84
2015-04-30 00:00:00,1,2014_Q3,D,0.0235874390349,0.020803739278,0.0511041103348,0.0703010740372,0.0531971008666,53,47.48
2015-04-30 00:00:00,1,2014_Q3,E,0.122787851923,0.122886490321,0.0848081096787,0.064174733991,0.0882706677672,16,8.02
2015-04-30 00:00:00,1,2014_Q4,A,0.0315604312491,0.0318679110028,0.0259240387445,0.0264716272672,0.0268918244153,49,64.25
2015-04-30 00:00:00,1,2014_Q4,B,0.0438282464578,0.0437034900623,0.0324216810477,0.0313921114034,0.0334956048925,99,110.31
2015-04-30 00:00:00,1,2014_Q4,C,0.0719259703895,0.0717498946014,0.0424993816343,0.0422462664523,0.044128135211,126,133.1
2015-04-30 00:00:00,1,2014_Q4,D,0.0741202059597,0.069362828637,0.0432819307231,0.0531855133192,0.0449030803004,94,83.6
2015-04-30 00:00:00,1,2014_Q4,E,0.104364957553,0.0921780477783,0.0330775497658,0.0529629110827,0.0344729988516,29,17.48
2015-04-30 00:00:00,1,2015_Q1,A,0.030503892134,0.0308882625085,0.0256261242156,0.0251400578,0.0265656641439,30,33.9
2015-04-30 00:00:00,1,2015_Q1,B,0.0399333440004,0.035760415444,0.021598645392,0.0290070130629,0.0223855199128,64,75.88
2015-04-30 00:00:00,1,2015_Q1,C,0.0618942449617,0.0612783531869,0.0327253482626,0.0330967051558,0.0338390375024,72,77.54
2015-04-30 00:00:00,1,2015_Q1,D,0.111313467959,0.0812430015335,0.0448915730322,0.0407314877908,0.0459066205214,30,34.03
2015-04-30 00:00:00,1,2015_Q1,E,0.131928432037,0.134391198534,0.054710031018,0.0483988985573,0.056875890138,24,19.1
2015-04-30 00:00:00,32,2014_Q2,B,0.0320718509336,0.0320804805852,0.0255528991034,0.0177876852949,0.0266296996793,2,0.88
2015-04-30 00:00:00,32,2014_Q2,D,0.0839105224505,0.0839255557366,0.0674902239952,0.0535691987863,0.0699334743426,3,0.8
2015-04-30 00:00:00,32,2014_Q2,E,0.0914736890595,0.0914860757825,0.078881062752,0.0550352742833,0.0825010630983,1,0.3
2015-04-30 00:00:00,32,2014_Q3,A,0.030981805514,0.031762992549,0.028943837618,0.0268797637354,0.0301433131097,9,3.53
2015-04-30 00:00:00,32,2014_Q3,B,0.0424118838409,0.0435206287741,0.0341130749645,0.0301866042486,0.0355047644861,11,5.62
2015-04-30 00:00:00,32,2014_Q3,C,-0.032115612509,-0.0327051321337,0.0192809056625,0.0432506662439,0.0200146972368,10,3.38
2015-04-30 00:00:00,32,2014_Q3,D,0.0912471624158,0.0912905130714,0.0675719545844,0.0535143321947,0.0703483871239,5,2.7
2015-04-30 00:00:00,32,2014_Q4,A,0.0250360932997,0.0250580023667,0.0208820128024,0.0194643129259,0.0218946886594,4,1.14
2015-04-30 00:00:00,32,2014_Q4,B,0.0478681925138,0.0479016698297,0.0399402984433,0.0362611766269,0.0419621902979,7,2.45
2015-04-30 00:00:00,32,2014_Q4,C,0.0660633298665,0.0619083905821,0.0217332894684,0.0365742121401,0.0226558764882,9,3.69
2015-04-30 00:00:00,32,2014_Q4,D,0.0766227534348,0.0766893309697,0.0525276463903,0.0480611535347,0.055247599823,1,0.2
2015-04-30 00:00:00,32,2014_Q4,E,0.0861252957692,0.056485510701,-0.0750234639315,0.0485208481073,-0.0782471075299,2,1.75
2015-04-30 00:00:00,32,2015_Q1,A,0.022716150768,0.022742553921,0.0191058362726,0.0178632761047,0.0197574229142,3,1.2
2015-04-30 00:00:00,32,2015_Q1,B,0.0339116019703,0.0339184965845,0.0218270537587,0.0206344964302,0.0226219643339,3,1.4
2015-04-30 00:00:00,32,2015_Q1,C,0.0542313879701,0.0542364093229,0.0253334118237,0.0228426695607,0.0261710255228,2,1.55
2015-04-30 00:00:00,32,2015_Q1,E,0.109157583915,0.109186533193,0.0661131440782,0.0628300420337,0.06854374846,1,0.5
2015-04-30 00:00:00,128,2014_Q4,A,0.0319592298079,0.0324077089907,0.0290653918644,0.0265759838157,0.0295837742905,1,0.25
2015-04-30 00:00:00,128,2014_Q4,B,0.0498120317846,0.0505037565511,0.0424428392351,0.0392485100807,0.0428533627443,2,0.66
2015-04-30 00:00:00,128,2014_Q4,C,0.0620146753608,0.0719245676446,0.0567042588737,0.052256920411,0.0589940374934,6,1.61
2015-04-30 00:00:00,128,2014_Q4,D,0.0819497627723,0.0422742692526,0.0649386241263,0.0572853687767,0.0667977452194,6,1.42
2015-04-30 00:00:00,128,2014_Q4,E,0.0959631768515,0.0417872815126,0.0576829333633,0.06725604248,0.0582511951801,2,0.35
2015-04-30 00:00:00,128,2015_Q1,A,0.0494034714752,0.0504036101628,0.0425878253491,0.04190703362,0.0428191153637,2,1.75
2015-04-30 00:00:00,128,2015_Q1,B,0.0383933381884,0.0391803608248,0.0330735323841,0.0305858031966,0.0335858406534,2,0.9
2015-04-30 00:00:00,128,2015_Q1,C,0.0644062900003,0.0658907276847,0.0503319744897,0.0473373416344,0.0507723913054,2,0.95
2015-04-30 00:00:00,128,2015_Q1,D,0.0957126237904,0.0991682973136,0.0641644720214,0.0570168860938,0.0648312323146,5,2.01
2015-05-31 00:00:00,1,2014_Q1,A,0.0297374367184,0.030399522432,0.0334020942938,0.0422053500387,0.0344013471371,18,10.57
2015-05-31 00:00:00,1,2014_Q1,B,0.0449440682121,0.04534316064,0.0402346751663,0.0397194376348,0.0415560585302,22,11.23
2015-05-31 00:00:00,1,2014_Q1,C,0.0719123266882,0.0633860574187,0.0650645453492,0.0539631379894,0.0671848558845,17,7.77
2015-05-31 00:00:00,1,2014_Q1,D,0.0863917581758,0.0882996910447,0.0837090665625,0.0648903812353,0.0914973171842,12,5.75
2015-05-31 00:00:00,1,2014_Q1,E,0.0870082865172,0.0875711023551,0.0881039683999,0.0795702001435,0.0917163595438,15,5.96
2015-05-31 00:00:00,1,2014_Q2,A,0.0472806524922,0.0293072176044,0.0432911237016,0.0400237107624,0.0445882717489,13,11.51
2015-05-31 00:00:00,1,2014_Q2,B,0.0529902196866,0.0467006713855,0.0322769622312,0.0337412781343,0.0332777856029,29,21.65
2015-05-31 00:00:00,1,2014_Q2,C,0.0702448606413,0.0598838730238,0.0304440292695,0.0391336172749,0.0316257760165,16,14.45
2015-05-31 00:00:00,1,2014_Q2,D,0.099555705577,0.0973965330322,0.0544136564415,0.0581205398149,0.0563158728984,12,7.3
2015-05-31 00:00:00,1,2014_Q2,E,0.135040838505,0.137012811339,0.095573273833,0.0621094441893,0.0988487182386,15,10.64
2015-05-31 00:00:00,1,2014_Q3,A,0.0370906747247,0.0375650355056,0.0330901955164,0.0304056320037,0.0341886270529,37,37.31
2015-05-31 00:00:00,1,2014_Q3,B,0.0462009963084,0.0396268901609,0.0112283688367,0.0342062058829,0.0116361138412,74,67.78
2015-05-31 00:00:00,1,2014_Q3,C,0.05310809011,0.0489306862719,0.0352328183261,0.0555870954561,0.0364628322962,69,64.84
2015-05-31 00:00:00,1,2014_Q3,D,0.0303901841477,0.0276573173214,0.0475352856959,0.0703010740372,0.0495378498323,53,47.48
2015-05-31 00:00:00,1,2014_Q3,E,0.120403719293,0.118222053254,0.0814488097338,0.064174733991,0.08480544155,16,8.02
2015-05-31 00:00:00,1,2014_Q4,A,0.0309460439898,0.0305540671798,0.0230008320347,0.0264716272672,0.0238362632659,49,64.25
2015-05-31 00:00:00,1,2014_Q4,B,0.0431374929879,0.0429972166899,0.0322157979568,0.0313921114034,0.0332714944708,99,110.31
2015-05-31 00:00:00,1,2014_Q4,C,0.0681394009534,0.0690508510662,0.0421193143915,0.0422462664523,0.043771486477,126,133.1
2015-05-31 00:00:00,1,2014_Q4,D,-0.00965462074139,-0.0152458431194,0.0298241757418,0.0531855133192,0.0311103898635,94,83.6
2015-05-31 00:00:00,1,2014_Q4,E,0.102035078897,0.0796385388684,0.0203198138829,0.0529629110827,0.0212508853515,29,17.48
2015-05-31 00:00:00,1,2015_Q1,A,0.0297161964758,0.0305977016442,0.025348117393,0.0247770351338,0.0262755321893,60,79.31
2015-05-31 00:00:00,1,2015_Q1,B,0.0404926455935,0.0382197661814,0.0242846286691,0.0290384762285,0.0251425709784,114,142.61
2015-05-31 00:00:00,1,2015_Q1,C,0.0601741260199,0.0596292177759,0.0307765724709,0.0337985792638,0.0318967908744,133,156.02
2015-05-31 00:00:00,1,2015_Q1,D,0.061159957162,0.0548627925514,0.0357223808728,0.0409533570928,0.0366613975601,77,89.72
2015-05-31 00:00:00,1,2015_Q1,E,0.114904868211,0.11165346062,0.0515631520921,0.0483368239196,0.054011281193,53,42.04
2015-05-31 00:00:00,32,2014_Q2,B,0.0317923748894,0.0319735199522,0.0262601226512,0.0177876852949,0.0273200359705,2,0.88
2015-05-31 00:00:00,32,2014_Q2,D,0.0834965174875,0.0839263184326,0.0686631020639,0.0535691987863,0.0710315945552,3,0.8
2015-05-31 00:00:00,32,2014_Q2,E,0.0909382176582,0.091331927628,0.0805145967195,0.0550352742833,0.0839372578202,1,0.3
2015-05-31 00:00:00,32,2014_Q3,A,0.031110706096,0.0319806876734,0.0292054269894,0.0268797637354,0.0303962455499,9,3.53
2015-05-31 00:00:00,32,2014_Q3,B,0.0423595674141,0.0436487602677,0.0345985248828,0.0301866042486,0.0359804266471,11,5.62
2015-05-31 00:00:00,32,2014_Q3,C,-0.0240530184514,-0.0237876907829,0.0199247201298,0.0432506662439,0.0207886771368,10,3.38
2015-05-31 00:00:00,32,2014_Q3,D,0.0905930255762,0.0932047984101,0.069355709383,0.0535143321947,0.0726152534573,5,2.7
2015-05-31 00:00:00,32,2014_Q4,A,0.0242751756636,0.0247482571869,0.0211737994285,0.0194643129259,0.0221945919249,4,1.14
2015-05-31 00:00:00,32,2014_Q4,B,0.0460633829605,0.0475451031785,0.0405104882244,0.0362611766269,0.0425892117867,7,2.45
2015-05-31 00:00:00,32,2014_Q4,C,0.0656577273194,0.0626161691386,0.0237159298909,0.0365742121401,0.024720152866,9,3.69
2015-05-31 00:00:00,32,2014_Q4,D,0.0749240061369,0.0759950451428,0.0539057548205,0.0480611535347,0.0566019563387,1,0.2
2015-05-31 00:00:00,32,2014_Q4,E,0.080894553739,0.0396784330747,-0.135533562531,0.0485208481073,-0.14147436405,2,1.75
2015-05-31 00:00:00,32,2015_Q1,A,0.0171986939574,0.0213138263735,0.0181389793938,0.0169620878013,0.0192586025105,4,1.5
2015-05-31 00:00:00,32,2015_Q1,B,0.033064386524,0.0342667711617,0.0227562248288,0.0212371289968,0.0236504593514,5,2.15
2015-05-31 00:00:00,32,2015_Q1,C,0.0527196573235,0.0537277344912,0.0265423790206,0.0228426695607,0.027403860758,2,1.55
2015-05-31 00:00:00,32,2015_Q1,E,0.0887968365012,0.105284841401,0.0589300330894,0.0524730186684,0.0627207228909,2,1.2
2015-05-31 00:00:00,128,2014_Q4,A,0.0320231308713,0.0319493218787,0.0295451232083,0.0265759838157,0.0299986367362,1,0.25
2015-05-31 00:00:00,128,2014_Q4,B,0.0502886565111,0.0500787467087,0.0430332702222,0.0392485100807,0.0434272817233,2,0.66
2015-05-31 00:00:00,128,2014_Q4,C,0.0631770905701,0.0709656374332,0.0569608109454,0.052256920411,0.0596097502886,6,1.61
2015-05-31 00:00:00,128,2014_Q4,D,0.0616432400367,0.0662683234043,0.0596138148908,0.0572853687767,0.0616724698745,6,1.42
2015-05-31 00:00:00,128,2014_Q4,E,0.0996446574909,0.0534952548778,0.0618142855565,0.06725604248,0.0623315912554,2,0.35
2015-05-31 00:00:00,128,2015_Q1,A,0.0501286967969,0.0497737371469,0.0428388601027,0.04190703362,0.0430661387254,2,1.75
2015-05-31 00:00:00,128,2015_Q1,B,0.0489559699662,0.048712952294,0.0433403214284,0.0407239642676,0.0437121687377,3,1.6
2015-05-31 00:00:00,128,2015_Q1,C,0.0714159312626,0.0708180176529,0.0536087926408,0.0485354951491,0.0540664826081,3,1.55
2015-05-31 00:00:00,128,2015_Q1,D,0.09332988009,0.0939398919366,0.064350055867,0.0575409889668,0.0650341348298,7,2.71
2015-06-30 00:00:00,1,2014_Q1,A,0.031309443367,0.0311574201345,0.0337796683625,0.0422053500387,0.0346696309993,18,10.57
2015-06-30 00:00:00,1,2014_Q1,B,0.0465720924858,0.0472456231763,0.0445467063132,0.0397194376348,0.0457877823799,22,11.23
2015-06-30 00:00:00,1,2014_Q1,C,0.0728122113104,0.067623238764,0.0668518199993,0.0539631379894,0.0688320441511,17,7.77
2015-06-30 00:00:00,1,2014_Q1,D,0.105014343835,0.106790527428,0.0948782223626,0.0648903812353,0.103456489917,12,5.75
2015-06-30 00:00:00,1,2014_Q1,E,0.0902564835742,0.0860532196868,0.0868341614571,0.0795702001435,0.0895586870771,15,5.96
2015-06-30 00:00:00,1,2014_Q2,A,0.0476016804293,0.0304848735374,0.0434379004503,0.0400237107624,0.044683981711,13,11.51
2015-06-30 00:00:00,1,2014_Q2,B,0.0534215995626,0.0413233698041,0.0295784701968,0.0337412781343,0.0304307134724,29,21.65
2015-06-30 00:00:00,1,2014_Q2,C,0.0708608289748,0.0607697037773,0.032940851747,0.0391336172749,0.0341780994124,16,14.45
2015-06-30 00:00:00,1,2014_Q2,D,0.0201258788829,0.0204946533764,0.0410184754635,0.0581205398149,0.0423988272291,12,7.3
2015-06-30 00:00:00,1,2014_Q2,E,0.135625505298,0.137089008273,0.0981225455987,0.0621094441893,0.101349175235,15,10.64
2015-06-30 00:00:00,1,2014_Q3,A,0.0375406122768,0.0377439799334,0.0333595448187,0.0304056320037,0.0344364836267,37,37.31
2015-06-30 00:00:00,1,2014_Q3,B,0.047273395646,0.0418140213529,0.0139531937301,0.0342062058829,0.014400829057,74,67.78
2015-06-30 00:00:00,1,2014_Q3,C,0.0115784279146,0.00681017556871,0.0248701212166,0.0555870954561,0.0256922802537,69,64.84
2015-06-30 00:00:00,1,2014_Q3,D,0.0219996410037,0.0202857495973,0.048292656212,0.0703010740372,0.0501841635889,53,47.48
2015-06-30 00:00:00,1,2014_Q3,E,0.123148496707,0.121942365386,0.0893350095153,0.064174733991,0.0927380960252,16,8.02
2015-06-30 00:00:00,1,2014_Q4,A,0.0317596760339,0.031041007412,0.0234174120121,0.0264716272672,0.0242482126497,49,64.25
2015-06-30 00:00:00,1,2014_Q4,B,0.0442844943375,0.0442202831623,0.0338160254744,0.0313921114034,0.0348890810606,99,110.31
2015-06-30 00:00:00,1,2014_Q4,C,0.0723282007228,0.07142998873,0.0440634312032,0.0422462664523,0.0456908846417,126,133.1
2015-06-30 00:00:00,1,2014_Q4,D,-0.0032541127899,-0.0104302190756,0.028374342985,0.0531855133192,0.0293764728045,94,83.6
2015-06-30 00:00:00,1,2014_Q4,E,0.104714654515,0.0857707401137,0.0187748392612,0.0529629110827,0.0195280368714,29,17.48
2015-06-30 00:00:00,1,2015_Q1,A,0.0294499731728,0.0295895342541,0.0242329276612,0.0235050322496,0.0251648527969,102,137.31
2015-06-30 00:00:00,1,2015_Q1,B,0.0330536714093,0.0318796573456,0.0264734307021,0.0285210633624,0.0274498690786,198,257.8275
2015-06-30 00:00:00,1,2015_Q1,C,0.0633004395798,0.0614402831675,0.0338812000144,0.0345378379388,0.0351626036695,218,258.4975
2015-06-30 00:00:00,1,2015_Q1,D,0.0744932520774,0.0679619459438,0.0381439108941,0.0427655843785,0.0393186490515,131,137.3425
2015-06-30 00:00:00,1,2015_Q1,E,0.120572058526,0.112191837549,0.0527338530427,0.0485909320739,0.0547771907995,71,54.1075
2015-06-30 00:00:00,32,2014_Q2,B,0.0319495143429,0.0319638628746,0.0269420571059,0.0177876852949,0.0279785765251,2,0.88
2015-06-30 00:00:00,32,2014_Q2,D,0.0840968287838,0.0841284205221,0.0697907803783,0.0535691987863,0.0720724887224,3,0.8
2015-06-30 00:00:00,32,2014_Q2,E,0.0913354813964,0.0913736700696,0.0820505019401,0.0550352742833,0.0852468636888,1,0.3
2015-06-30 00:00:00,32,2014_Q3,A,0.0314918917812,0.0322513435505,0.0294479697272,0.0268797637354,0.0306114135172,9,3.53
2015-06-30 00:00:00,32,2014_Q3,B,0.0428801284479,0.0438862992456,0.0350745128459,0.0301866042486,0.0364435609383,11,5.62
2015-06-30 00:00:00,32,2014_Q3,C,-0.0164984925164,-0.0167578312016,0.0206906347173,0.0432506662439,0.0214336476591,10,3.38
2015-06-30 00:00:00,32,2014_Q3,D,0.0923478407266,0.0942549958683,0.0703227497505,0.0535143321947,0.0741954543395,5,2.7
2015-06-30 00:00:00,32,2014_Q4,A,0.02459890091,0.0246655620964,0.0215148891171,0.0194643129259,0.0224774479263,4,1.14
2015-06-30 00:00:00,32,2014_Q4,B,0.0472184957278,0.0474983956383,0.0412936313596,0.0362611766269,0.0431807917611,7,2.45
2015-06-30 00:00:00,32,2014_Q4,C,0.0700595382009,0.073213159249,0.0451370877829,0.0365742121401,0.0469420779306,9,3.69
2015-06-30 00:00:00,32,2014_Q4,D,0.0758943533194,0.0759673714323,0.0552427247304,0.0480611535347,0.0579031885076,1,0.2
2015-06-30 00:00:00,32,2014_Q4,E,0.0855937717295,0.0494824717859,-0.125300469325,0.0485208481073,-0.130618800639,2,1.75
2015-06-30 00:00:00,32,2015_Q1,A,0.02258240193,0.0227118925657,0.0219561680494,0.0208445684047,0.0227588501939,5,2.1
2015-06-30 00:00:00,32,2015_Q1,B,0.0338621365267,0.0339311996292,0.0232009764883,0.0211624303435,0.0240401523977,6,2.45
2015-06-30 00:00:00,32,2015_Q1,C,0.0538245961632,0.0538430623873,0.0277297415968,0.0228426695607,0.0286117281287,2,1.55
2015-06-30 00:00:00,32,2015_Q1,D,0.0810570812001,0.081105482708,0.039224104582,0.0358097523667,0.0405602269879,1,1.0
2015-06-30 00:00:00,32,2015_Q1,E,0.104704332746,0.105180502181,0.063368927188,0.0524730186684,0.0653609507665,2,1.2
2015-06-30 00:00:00,128,2014_Q4,A,0.0317107394575,0.0317632392601,0.0299640368065,0.0265759838157,0.0303623812661,1,0.25
2015-06-30 00:00:00,128,2014_Q4,B,0.0499724443552,0.0500101453874,0.0435971686692,0.0392485100807,0.0439776728599,2,0.66
2015-06-30 00:00:00,128,2014_Q4,C,0.0666638999142,0.0705774009189,0.0579269875352,0.052256920411,0.0602013118536,6,1.61
2015-06-30 00:00:00,128,2014_Q4,D,0.0878383830703,0.0658732818623,0.0686296249444,0.0572853687767,0.0704251106304,6,1.42
2015-06-30 00:00:00,128,2014_Q4,E,0.102722427941,0.0619695856953,0.0657915056167,0.06725604248,0.0662009622921,2,0.35
2015-06-30 00:00:00,128,2015_Q1,A,0.0389168055517,-0.000534451116721,0.00195555204938,0.0383521423462,0.00196890536214,8,5.46
2015-06-30 00:00:00,128,2015_Q1,B,0.0499004801263,0.0499483120587,0.0438943126639,0.0415929619622,0.0442308086669,6,2.84
2015-06-30 00:00:00,128,2015_Q1,C,0.0741661413362,0.0641400910205,0.0473710334844,0.048372518656,0.047758132039,8,5.65
2015-06-30 00:00:00,128,2015_Q1,D,0.0955384005443,0.0941696171012,0.0659417018492,0.0579365747203,0.0664384978417,8,3.15
2015-06-30 00:00:00,128,2015_Q1,E,0.115677877212,0.115659083958,0.0713830852688,0.0657299122373,0.0720305695423,1,0.5
